Visualizador calidad aire activada,Turismo activada,Deportes activada,Entretenimiento activada,Visualizador restriccion lena activada,Ambientes abiertos desactivada,Ambientes cerrados activada,Entretenimiento Adulto activada,Entretenimiento Familiar activada,Entretenimiento Tercera edad activada
Visualizador calidad aire activada,Turismo activada,Deportes activada,Entretenimiento activada,Visualizador restriccion lena activada,Ambientes abiertos desactivada,Ambientes cerrados activada,Entretenimiento Adulto activada,Entretenimiento Familiar activada,Entretenimiento Tercera edad desactivada
Visualizador calidad aire activada,Turismo activada,Deportes activada,Entretenimiento activada,Visualizador restriccion lena activada,Ambientes abiertos desactivada,Ambientes cerrados activada,Entretenimiento Adulto desactivada,Entretenimiento Familiar activada,Entretenimiento Tercera edad activada
Visualizador calidad aire activada,Turismo activada,Deportes activada,Entretenimiento activada,Visualizador restriccion lena activada,Ambientes abiertos desactivada,Ambientes cerrados activada,Entretenimiento Adulto desactivada,Entretenimiento Familiar activada,Entretenimiento Tercera edad desactivada
Visualizador calidad aire activada,Turismo activada,Deportes activada,Entretenimiento activada,Visualizador restriccion lena activada,Ambientes abiertos desactivada,Ambientes cerrados activada,Entretenimiento Adulto activada,Entretenimiento Familiar desactivada,Entretenimiento Tercera edad activada
Visualizador calidad aire activada,Turismo activada,Deportes activada,Entretenimiento activada,Visualizador restriccion lena activada,Ambientes abiertos desactivada,Ambientes cerrados activada,Entretenimiento Adulto activada,Entretenimiento Familiar desactivada,Entretenimiento Tercera edad desactivada
Visualizador calidad aire activada,Turismo activada,Deportes activada,Entretenimiento activada,Visualizador restriccion lena activada,Ambientes abiertos desactivada,Ambientes cerrados activada,Entretenimiento Adulto desactivada,Entretenimiento Familiar desactivada,Entretenimiento Tercera edad activada
Visualizador calidad aire activada,Turismo activada,Deportes activada,Entretenimiento activada,Visualizador restriccion lena activada,Ambientes abiertos activada,Ambientes cerrados desactivada,Entretenimiento Adulto activada,Entretenimiento Familiar activada,Entretenimiento Tercera edad activada
Visualizador calidad aire activada,Turismo activada,Deportes activada,Entretenimiento activada,Visualizador restriccion lena activada,Ambientes abiertos activada,Ambientes cerrados desactivada,Entretenimiento Adulto activada,Entretenimiento Familiar activada,Entretenimiento Tercera edad desactivada
Visualizador calidad aire activada,Turismo activada,Deportes activada,Entretenimiento activada,Visualizador restriccion lena activada,Ambientes abiertos activada,Ambientes cerrados desactivada,Entretenimiento Adulto desactivada,Entretenimiento Familiar activada,Entretenimiento Tercera edad activada
Visualizador calidad aire activada,Turismo activada,Deportes activada,Entretenimiento activada,Visualizador restriccion lena activada,Ambientes abiertos activada,Ambientes cerrados desactivada,Entretenimiento Adulto desactivada,Entretenimiento Familiar activada,Entretenimiento Tercera edad desactivada
Visualizador calidad aire activada,Turismo activada,Deportes activada,Entretenimiento activada,Visualizador restriccion lena activada,Ambientes abiertos activada,Ambientes cerrados desactivada,Entretenimiento Adulto activada,Entretenimiento Familiar desactivada,Entretenimiento Tercera edad activada
Visualizador calidad aire activada,Turismo activada,Deportes activada,Entretenimiento activada,Visualizador restriccion lena activada,Ambientes abiertos activada,Ambientes cerrados desactivada,Entretenimiento Adulto activada,Entretenimiento Familiar desactivada,Entretenimiento Tercera edad desactivada
Visualizador calidad aire activada,Turismo activada,Deportes activada,Entretenimiento activada,Visualizador restriccion lena activada,Ambientes abiertos activada,Ambientes cerrados desactivada,Entretenimiento Adulto desactivada,Entretenimiento Familiar desactivada,Entretenimiento Tercera edad activada
Visualizador calidad aire activada,Turismo activada,Deportes activada,Entretenimiento activada,Visualizador restriccion lena desactivada,Ambientes abiertos activada,Ambientes cerrados desactivada,Entretenimiento Adulto activada,Entretenimiento Familiar activada,Entretenimiento Tercera edad activada
Visualizador calidad aire activada,Turismo activada,Deportes activada,Entretenimiento activada,Visualizador restriccion lena desactivada,Ambientes abiertos activada,Ambientes cerrados desactivada,Entretenimiento Adulto activada,Entretenimiento Familiar activada,Entretenimiento Tercera edad desactivada
Visualizador calidad aire activada,Turismo activada,Deportes activada,Entretenimiento activada,Visualizador restriccion lena desactivada,Ambientes abiertos activada,Ambientes cerrados desactivada,Entretenimiento Adulto desactivada,Entretenimiento Familiar activada,Entretenimiento Tercera edad activada
Visualizador calidad aire activada,Turismo activada,Deportes activada,Entretenimiento activada,Visualizador restriccion lena desactivada,Ambientes abiertos activada,Ambientes cerrados desactivada,Entretenimiento Adulto desactivada,Entretenimiento Familiar activada,Entretenimiento Tercera edad desactivada
Visualizador calidad aire activada,Turismo activada,Deportes activada,Entretenimiento activada,Visualizador restriccion lena desactivada,Ambientes abiertos activada,Ambientes cerrados desactivada,Entretenimiento Adulto activada,Entretenimiento Familiar desactivada,Entretenimiento Tercera edad activada
Visualizador calidad aire activada,Turismo activada,Deportes activada,Entretenimiento activada,Visualizador restriccion lena desactivada,Ambientes abiertos activada,Ambientes cerrados desactivada,Entretenimiento Adulto activada,Entretenimiento Familiar desactivada,Entretenimiento Tercera edad desactivada
Visualizador calidad aire activada,Turismo activada,Deportes activada,Entretenimiento activada,Visualizador restriccion lena desactivada,Ambientes abiertos activada,Ambientes cerrados desactivada,Entretenimiento Adulto desactivada,Entretenimiento Familiar desactivada,Entretenimiento Tercera edad activada
Visualizador calidad aire activada,Turismo activada,Deportes activada,Entretenimiento desactivada,Visualizador restriccion lena activada,Ambientes abiertos desactivada,Ambientes cerrados activada,Entretenimiento Adulto desactivada,Entretenimiento Familiar desactivada,Entretenimiento Tercera edad desactivada
Visualizador calidad aire activada,Turismo activada,Deportes activada,Entretenimiento desactivada,Visualizador restriccion lena activada,Ambientes abiertos activada,Ambientes cerrados desactivada,Entretenimiento Adulto desactivada,Entretenimiento Familiar desactivada,Entretenimiento Tercera edad desactivada
Visualizador calidad aire activada,Turismo activada,Deportes activada,Entretenimiento desactivada,Visualizador restriccion lena desactivada,Ambientes abiertos activada,Ambientes cerrados desactivada,Entretenimiento Adulto desactivada,Entretenimiento Familiar desactivada,Entretenimiento Tercera edad desactivada
Visualizador calidad aire activada,Turismo activada,Deportes desactivada,Entretenimiento activada,Visualizador restriccion lena activada,Ambientes abiertos desactivada,Ambientes cerrados activada,Entretenimiento Adulto activada,Entretenimiento Familiar activada,Entretenimiento Tercera edad activada
Visualizador calidad aire activada,Turismo activada,Deportes desactivada,Entretenimiento activada,Visualizador restriccion lena activada,Ambientes abiertos desactivada,Ambientes cerrados activada,Entretenimiento Adulto activada,Entretenimiento Familiar activada,Entretenimiento Tercera edad desactivada
Visualizador calidad aire activada,Turismo activada,Deportes desactivada,Entretenimiento activada,Visualizador restriccion lena activada,Ambientes abiertos desactivada,Ambientes cerrados activada,Entretenimiento Adulto desactivada,Entretenimiento Familiar activada,Entretenimiento Tercera edad activada
Visualizador calidad aire activada,Turismo activada,Deportes desactivada,Entretenimiento activada,Visualizador restriccion lena activada,Ambientes abiertos desactivada,Ambientes cerrados activada,Entretenimiento Adulto desactivada,Entretenimiento Familiar activada,Entretenimiento Tercera edad desactivada
Visualizador calidad aire activada,Turismo activada,Deportes desactivada,Entretenimiento activada,Visualizador restriccion lena activada,Ambientes abiertos desactivada,Ambientes cerrados activada,Entretenimiento Adulto activada,Entretenimiento Familiar desactivada,Entretenimiento Tercera edad activada
Visualizador calidad aire activada,Turismo activada,Deportes desactivada,Entretenimiento activada,Visualizador restriccion lena activada,Ambientes abiertos desactivada,Ambientes cerrados activada,Entretenimiento Adulto activada,Entretenimiento Familiar desactivada,Entretenimiento Tercera edad desactivada
Visualizador calidad aire activada,Turismo activada,Deportes desactivada,Entretenimiento activada,Visualizador restriccion lena activada,Ambientes abiertos desactivada,Ambientes cerrados activada,Entretenimiento Adulto desactivada,Entretenimiento Familiar desactivada,Entretenimiento Tercera edad activada
Visualizador calidad aire activada,Turismo activada,Deportes desactivada,Entretenimiento desactivada,Visualizador restriccion lena activada,Ambientes abiertos desactivada,Ambientes cerrados activada,Entretenimiento Adulto desactivada,Entretenimiento Familiar desactivada,Entretenimiento Tercera edad desactivada
