Visualizador calidad de aire activada,Turismo activada,Deportes activada,Entretenimiento activada,Visualizador restriccion uso lena desactivada,Ambientes abiertos activada,Ambientes cerrados desactivada,Entretenimiento adulto activada,Entretenimiento familiar activada,Entretenimiento tercera edad activada,26.502636
Visualizador calidad de aire activada,Turismo activada,Deportes activada,Entretenimiento activada,Visualizador restriccion uso lena desactivada,Ambientes abiertos activada,Ambientes cerrados desactivada,Entretenimiento adulto desactivada,Entretenimiento familiar activada,Entretenimiento tercera edad activada,27.82992
Visualizador calidad de aire activada,Turismo activada,Deportes activada,Entretenimiento activada,Visualizador restriccion uso lena activada,Ambientes abiertos activada,Ambientes cerrados desactivada,Entretenimiento adulto activada,Entretenimiento familiar activada,Entretenimiento tercera edad activada,65.598305
Visualizador calidad de aire activada,Turismo activada,Deportes activada,Entretenimiento activada,Visualizador restriccion uso lena activada,Ambientes abiertos activada,Ambientes cerrados desactivada,Entretenimiento adulto desactivada,Entretenimiento familiar activada,Entretenimiento tercera edad activada,67.35114
Visualizador calidad de aire activada,Turismo activada,Deportes activada,Entretenimiento activada,Visualizador restriccion uso lena desactivada,Ambientes abiertos activada,Ambientes cerrados desactivada,Entretenimiento adulto desactivada,Entretenimiento familiar desactivada,Entretenimiento tercera edad activada,70.44993
Visualizador calidad de aire activada,Turismo activada,Deportes activada,Entretenimiento activada,Visualizador restriccion uso lena desactivada,Ambientes abiertos activada,Ambientes cerrados desactivada,Entretenimiento adulto activada,Entretenimiento familiar desactivada,Entretenimiento tercera edad activada,71.080635
Visualizador calidad de aire activada,Turismo activada,Deportes activada,Entretenimiento activada,Visualizador restriccion uso lena desactivada,Ambientes abiertos activada,Ambientes cerrados desactivada,Entretenimiento adulto activada,Entretenimiento familiar activada,Entretenimiento tercera edad desactivada,77.24506
Visualizador calidad de aire activada,Turismo activada,Deportes activada,Entretenimiento activada,Visualizador restriccion uso lena desactivada,Ambientes abiertos activada,Ambientes cerrados desactivada,Entretenimiento adulto desactivada,Entretenimiento familiar activada,Entretenimiento tercera edad desactivada,77.930565
Visualizador calidad de aire activada,Turismo activada,Deportes activada,Entretenimiento desactivada,Visualizador restriccion uso lena desactivada,Ambientes abiertos activada,Ambientes cerrados desactivada,Entretenimiento adulto desactivada,Entretenimiento familiar desactivada,Entretenimiento tercera edad desactivada,79.02893
Visualizador calidad de aire activada,Turismo activada,Deportes activada,Entretenimiento activada,Visualizador restriccion uso lena activada,Ambientes abiertos activada,Ambientes cerrados desactivada,Entretenimiento adulto activada,Entretenimiento familiar desactivada,Entretenimiento tercera edad activada,107.51574
Visualizador calidad de aire activada,Turismo activada,Deportes activada,Entretenimiento activada,Visualizador restriccion uso lena desactivada,Ambientes abiertos activada,Ambientes cerrados desactivada,Entretenimiento adulto activada,Entretenimiento familiar desactivada,Entretenimiento tercera edad desactivada,112.72933
Visualizador calidad de aire activada,Turismo activada,Deportes activada,Entretenimiento activada,Visualizador restriccion uso lena activada,Ambientes abiertos activada,Ambientes cerrados desactivada,Entretenimiento adulto desactivada,Entretenimiento familiar desactivada,Entretenimiento tercera edad activada,113.632225
Visualizador calidad de aire activada,Turismo activada,Deportes activada,Entretenimiento activada,Visualizador restriccion uso lena activada,Ambientes abiertos activada,Ambientes cerrados desactivada,Entretenimiento adulto desactivada,Entretenimiento familiar activada,Entretenimiento tercera edad desactivada,113.86722
Visualizador calidad de aire activada,Turismo activada,Deportes activada,Entretenimiento desactivada,Visualizador restriccion uso lena activada,Ambientes abiertos activada,Ambientes cerrados desactivada,Entretenimiento adulto desactivada,Entretenimiento familiar desactivada,Entretenimiento tercera edad desactivada,118.7245
Visualizador calidad de aire activada,Turismo activada,Deportes activada,Entretenimiento activada,Visualizador restriccion uso lena activada,Ambientes abiertos activada,Ambientes cerrados desactivada,Entretenimiento adulto activada,Entretenimiento familiar activada,Entretenimiento tercera edad desactivada,118.80462
Visualizador calidad de aire activada,Turismo activada,Deportes activada,Entretenimiento activada,Visualizador restriccion uso lena activada,Ambientes abiertos activada,Ambientes cerrados desactivada,Entretenimiento adulto activada,Entretenimiento familiar desactivada,Entretenimiento tercera edad desactivada,149.27426
Visualizador calidad de aire activada,Turismo activada,Deportes activada,Entretenimiento activada,Visualizador restriccion uso lena activada,Ambientes abiertos desactivada,Ambientes cerrados activada,Entretenimiento adulto activada,Entretenimiento familiar activada,Entretenimiento tercera edad activada,194.48564
Visualizador calidad de aire activada,Turismo activada,Deportes activada,Entretenimiento activada,Visualizador restriccion uso lena activada,Ambientes abiertos desactivada,Ambientes cerrados activada,Entretenimiento adulto desactivada,Entretenimiento familiar activada,Entretenimiento tercera edad activada,197.39876
Visualizador calidad de aire activada,Turismo activada,Deportes desactivada,Entretenimiento activada,Visualizador restriccion uso lena activada,Ambientes abiertos desactivada,Ambientes cerrados activada,Entretenimiento adulto activada,Entretenimiento familiar activada,Entretenimiento tercera edad activada,204.19969
Visualizador calidad de aire activada,Turismo activada,Deportes desactivada,Entretenimiento activada,Visualizador restriccion uso lena activada,Ambientes abiertos desactivada,Ambientes cerrados activada,Entretenimiento adulto desactivada,Entretenimiento familiar activada,Entretenimiento tercera edad activada,213.08525
Visualizador calidad de aire activada,Turismo activada,Deportes activada,Entretenimiento activada,Visualizador restriccion uso lena activada,Ambientes abiertos desactivada,Ambientes cerrados activada,Entretenimiento adulto activada,Entretenimiento familiar desactivada,Entretenimiento tercera edad activada,230.33806
Visualizador calidad de aire activada,Turismo activada,Deportes activada,Entretenimiento activada,Visualizador restriccion uso lena activada,Ambientes abiertos desactivada,Ambientes cerrados activada,Entretenimiento adulto desactivada,Entretenimiento familiar desactivada,Entretenimiento tercera edad activada,235.97142
Visualizador calidad de aire activada,Turismo activada,Deportes desactivada,Entretenimiento activada,Visualizador restriccion uso lena activada,Ambientes abiertos desactivada,Ambientes cerrados activada,Entretenimiento adulto activada,Entretenimiento familiar desactivada,Entretenimiento tercera edad activada,245.58226
Visualizador calidad de aire activada,Turismo activada,Deportes desactivada,Entretenimiento activada,Visualizador restriccion uso lena activada,Ambientes abiertos desactivada,Ambientes cerrados activada,Entretenimiento adulto desactivada,Entretenimiento familiar desactivada,Entretenimiento tercera edad activada,252.89421
Visualizador calidad de aire activada,Turismo activada,Deportes activada,Entretenimiento activada,Visualizador restriccion uso lena activada,Ambientes abiertos desactivada,Ambientes cerrados activada,Entretenimiento adulto activada,Entretenimiento familiar activada,Entretenimiento tercera edad desactivada,258.79047
Visualizador calidad de aire activada,Turismo activada,Deportes activada,Entretenimiento activada,Visualizador restriccion uso lena activada,Ambientes abiertos desactivada,Ambientes cerrados activada,Entretenimiento adulto desactivada,Entretenimiento familiar activada,Entretenimiento tercera edad desactivada,263.32446
Visualizador calidad de aire activada,Turismo activada,Deportes activada,Entretenimiento desactivada,Visualizador restriccion uso lena activada,Ambientes abiertos desactivada,Ambientes cerrados activada,Entretenimiento adulto desactivada,Entretenimiento familiar desactivada,Entretenimiento tercera edad desactivada,267.4878
Visualizador calidad de aire activada,Turismo activada,Deportes desactivada,Entretenimiento activada,Visualizador restriccion uso lena activada,Ambientes abiertos desactivada,Ambientes cerrados activada,Entretenimiento adulto activada,Entretenimiento familiar activada,Entretenimiento tercera edad desactivada,277.3847
Visualizador calidad de aire activada,Turismo activada,Deportes desactivada,Entretenimiento activada,Visualizador restriccion uso lena activada,Ambientes abiertos desactivada,Ambientes cerrados activada,Entretenimiento adulto desactivada,Entretenimiento familiar activada,Entretenimiento tercera edad desactivada,283.8022
Visualizador calidad de aire activada,Turismo activada,Deportes desactivada,Entretenimiento desactivada,Visualizador restriccion uso lena activada,Ambientes abiertos desactivada,Ambientes cerrados activada,Entretenimiento adulto desactivada,Entretenimiento familiar desactivada,Entretenimiento tercera edad desactivada,287.05957
Visualizador calidad de aire activada,Turismo activada,Deportes activada,Entretenimiento activada,Visualizador restriccion uso lena activada,Ambientes abiertos desactivada,Ambientes cerrados activada,Entretenimiento adulto activada,Entretenimiento familiar desactivada,Entretenimiento tercera edad desactivada,296.04184
Visualizador calidad de aire activada,Turismo activada,Deportes desactivada,Entretenimiento activada,Visualizador restriccion uso lena activada,Ambientes abiertos desactivada,Ambientes cerrados activada,Entretenimiento adulto activada,Entretenimiento familiar desactivada,Entretenimiento tercera edad desactivada,312.9588
