Visualizador calidad de aire activada,Turismo activada,Deportes activada,Entretenimiento activada,Visualizador restriccion uso lena activada,Ambientes abiertos desactivada,Ambientes cerrados activada,Entretenimiento adulto activada,Entretenimiento familiar activada,Entretenimiento tercera edad activada
Visualizador calidad de aire activada,Turismo activada,Deportes activada,Entretenimiento activada,Visualizador restriccion uso lena activada,Ambientes abiertos desactivada,Ambientes cerrados activada,Entretenimiento adulto activada,Entretenimiento familiar activada,Entretenimiento tercera edad desactivada
Visualizador calidad de aire activada,Turismo activada,Deportes activada,Entretenimiento activada,Visualizador restriccion uso lena activada,Ambientes abiertos desactivada,Ambientes cerrados activada,Entretenimiento adulto desactivada,Entretenimiento familiar activada,Entretenimiento tercera edad activada
Visualizador calidad de aire activada,Turismo activada,Deportes activada,Entretenimiento activada,Visualizador restriccion uso lena activada,Ambientes abiertos desactivada,Ambientes cerrados activada,Entretenimiento adulto desactivada,Entretenimiento familiar activada,Entretenimiento tercera edad desactivada
Visualizador calidad de aire activada,Turismo activada,Deportes activada,Entretenimiento activada,Visualizador restriccion uso lena activada,Ambientes abiertos desactivada,Ambientes cerrados activada,Entretenimiento adulto activada,Entretenimiento familiar desactivada,Entretenimiento tercera edad activada
Visualizador calidad de aire activada,Turismo activada,Deportes activada,Entretenimiento activada,Visualizador restriccion uso lena activada,Ambientes abiertos desactivada,Ambientes cerrados activada,Entretenimiento adulto activada,Entretenimiento familiar desactivada,Entretenimiento tercera edad desactivada
Visualizador calidad de aire activada,Turismo activada,Deportes activada,Entretenimiento activada,Visualizador restriccion uso lena activada,Ambientes abiertos desactivada,Ambientes cerrados activada,Entretenimiento adulto desactivada,Entretenimiento familiar desactivada,Entretenimiento tercera edad activada
Visualizador calidad de aire activada,Turismo activada,Deportes activada,Entretenimiento activada,Visualizador restriccion uso lena activada,Ambientes abiertos activada,Ambientes cerrados desactivada,Entretenimiento adulto activada,Entretenimiento familiar activada,Entretenimiento tercera edad activada
Visualizador calidad de aire activada,Turismo activada,Deportes activada,Entretenimiento activada,Visualizador restriccion uso lena activada,Ambientes abiertos activada,Ambientes cerrados desactivada,Entretenimiento adulto activada,Entretenimiento familiar activada,Entretenimiento tercera edad desactivada
Visualizador calidad de aire activada,Turismo activada,Deportes activada,Entretenimiento activada,Visualizador restriccion uso lena activada,Ambientes abiertos activada,Ambientes cerrados desactivada,Entretenimiento adulto desactivada,Entretenimiento familiar activada,Entretenimiento tercera edad activada
Visualizador calidad de aire activada,Turismo activada,Deportes activada,Entretenimiento activada,Visualizador restriccion uso lena activada,Ambientes abiertos activada,Ambientes cerrados desactivada,Entretenimiento adulto desactivada,Entretenimiento familiar activada,Entretenimiento tercera edad desactivada
Visualizador calidad de aire activada,Turismo activada,Deportes activada,Entretenimiento activada,Visualizador restriccion uso lena activada,Ambientes abiertos activada,Ambientes cerrados desactivada,Entretenimiento adulto activada,Entretenimiento familiar desactivada,Entretenimiento tercera edad activada
Visualizador calidad de aire activada,Turismo activada,Deportes activada,Entretenimiento activada,Visualizador restriccion uso lena activada,Ambientes abiertos activada,Ambientes cerrados desactivada,Entretenimiento adulto activada,Entretenimiento familiar desactivada,Entretenimiento tercera edad desactivada
Visualizador calidad de aire activada,Turismo activada,Deportes activada,Entretenimiento activada,Visualizador restriccion uso lena activada,Ambientes abiertos activada,Ambientes cerrados desactivada,Entretenimiento adulto desactivada,Entretenimiento familiar desactivada,Entretenimiento tercera edad activada
Visualizador calidad de aire activada,Turismo activada,Deportes activada,Entretenimiento activada,Visualizador restriccion uso lena desactivada,Ambientes abiertos activada,Ambientes cerrados desactivada,Entretenimiento adulto activada,Entretenimiento familiar activada,Entretenimiento tercera edad activada
Visualizador calidad de aire activada,Turismo activada,Deportes activada,Entretenimiento activada,Visualizador restriccion uso lena desactivada,Ambientes abiertos activada,Ambientes cerrados desactivada,Entretenimiento adulto activada,Entretenimiento familiar activada,Entretenimiento tercera edad desactivada
Visualizador calidad de aire activada,Turismo activada,Deportes activada,Entretenimiento activada,Visualizador restriccion uso lena desactivada,Ambientes abiertos activada,Ambientes cerrados desactivada,Entretenimiento adulto desactivada,Entretenimiento familiar activada,Entretenimiento tercera edad activada
Visualizador calidad de aire activada,Turismo activada,Deportes activada,Entretenimiento activada,Visualizador restriccion uso lena desactivada,Ambientes abiertos activada,Ambientes cerrados desactivada,Entretenimiento adulto desactivada,Entretenimiento familiar activada,Entretenimiento tercera edad desactivada
Visualizador calidad de aire activada,Turismo activada,Deportes activada,Entretenimiento activada,Visualizador restriccion uso lena desactivada,Ambientes abiertos activada,Ambientes cerrados desactivada,Entretenimiento adulto activada,Entretenimiento familiar desactivada,Entretenimiento tercera edad activada
Visualizador calidad de aire activada,Turismo activada,Deportes activada,Entretenimiento activada,Visualizador restriccion uso lena desactivada,Ambientes abiertos activada,Ambientes cerrados desactivada,Entretenimiento adulto activada,Entretenimiento familiar desactivada,Entretenimiento tercera edad desactivada
Visualizador calidad de aire activada,Turismo activada,Deportes activada,Entretenimiento activada,Visualizador restriccion uso lena desactivada,Ambientes abiertos activada,Ambientes cerrados desactivada,Entretenimiento adulto desactivada,Entretenimiento familiar desactivada,Entretenimiento tercera edad activada
Visualizador calidad de aire activada,Turismo activada,Deportes activada,Entretenimiento desactivada,Visualizador restriccion uso lena activada,Ambientes abiertos desactivada,Ambientes cerrados activada,Entretenimiento adulto desactivada,Entretenimiento familiar desactivada,Entretenimiento tercera edad desactivada
Visualizador calidad de aire activada,Turismo activada,Deportes activada,Entretenimiento desactivada,Visualizador restriccion uso lena activada,Ambientes abiertos activada,Ambientes cerrados desactivada,Entretenimiento adulto desactivada,Entretenimiento familiar desactivada,Entretenimiento tercera edad desactivada
Visualizador calidad de aire activada,Turismo activada,Deportes activada,Entretenimiento desactivada,Visualizador restriccion uso lena desactivada,Ambientes abiertos activada,Ambientes cerrados desactivada,Entretenimiento adulto desactivada,Entretenimiento familiar desactivada,Entretenimiento tercera edad desactivada
Visualizador calidad de aire activada,Turismo activada,Deportes desactivada,Entretenimiento activada,Visualizador restriccion uso lena activada,Ambientes abiertos desactivada,Ambientes cerrados activada,Entretenimiento adulto activada,Entretenimiento familiar activada,Entretenimiento tercera edad activada
Visualizador calidad de aire activada,Turismo activada,Deportes desactivada,Entretenimiento activada,Visualizador restriccion uso lena activada,Ambientes abiertos desactivada,Ambientes cerrados activada,Entretenimiento adulto activada,Entretenimiento familiar activada,Entretenimiento tercera edad desactivada
Visualizador calidad de aire activada,Turismo activada,Deportes desactivada,Entretenimiento activada,Visualizador restriccion uso lena activada,Ambientes abiertos desactivada,Ambientes cerrados activada,Entretenimiento adulto desactivada,Entretenimiento familiar activada,Entretenimiento tercera edad activada
Visualizador calidad de aire activada,Turismo activada,Deportes desactivada,Entretenimiento activada,Visualizador restriccion uso lena activada,Ambientes abiertos desactivada,Ambientes cerrados activada,Entretenimiento adulto desactivada,Entretenimiento familiar activada,Entretenimiento tercera edad desactivada
Visualizador calidad de aire activada,Turismo activada,Deportes desactivada,Entretenimiento activada,Visualizador restriccion uso lena activada,Ambientes abiertos desactivada,Ambientes cerrados activada,Entretenimiento adulto activada,Entretenimiento familiar desactivada,Entretenimiento tercera edad activada
Visualizador calidad de aire activada,Turismo activada,Deportes desactivada,Entretenimiento activada,Visualizador restriccion uso lena activada,Ambientes abiertos desactivada,Ambientes cerrados activada,Entretenimiento adulto activada,Entretenimiento familiar desactivada,Entretenimiento tercera edad desactivada
Visualizador calidad de aire activada,Turismo activada,Deportes desactivada,Entretenimiento activada,Visualizador restriccion uso lena activada,Ambientes abiertos desactivada,Ambientes cerrados activada,Entretenimiento adulto desactivada,Entretenimiento familiar desactivada,Entretenimiento tercera edad activada
Visualizador calidad de aire activada,Turismo activada,Deportes desactivada,Entretenimiento desactivada,Visualizador restriccion uso lena activada,Ambientes abiertos desactivada,Ambientes cerrados activada,Entretenimiento adulto desactivada,Entretenimiento familiar desactivada,Entretenimiento tercera edad desactivada
